"tablescraper-selected-row","tablescraper-selected-row 2","tablescraper-selected-row 3","tablescraper-selected-row 4","tablescraper-selected-row 5","tablescraper-selected-row 6"
"№","Идентификационный код ценной бумаги","Полное фирменное наименование эмитента ценных бумаг","Вид, категория (тип) ценной бумаги","Международный код (номер) идентификации ценных бумаг (ISIN)","Дата возобновления торгов с 10:00 мск"
"1","A","Agilent Technologies, Inc.","Акции иностранного эмитента обыкновенные","US00846U1016","17.08.2022"
"2","AA","Alcoa Corporation","Акции иностранного эмитента обыкновенные","US0138721065","10.08.2022"
"3","AAPL","Apple Inc.","Акции иностранного эмитента обыкновенные","US0378331005","10.08.2022"
"4","ABBV","AbbVie Inc.","Акции иностранного эмитента обыкновенные","US00287Y1091","10.08.2022"
"5","ABNB","Airbnb, Inc.","Акции иностранного эмитента обыкновенные класса A","US0090661010","10.08.2022"
"6","ABT","Abbott Laboratories","Акции иностранного эмитента обыкновенные","US0028241000","10.08.2022"
"7","ACAD","ACADIA Pharmaceuticals Inc.","Акции иностранного эмитента обыкновенные","US0042251084","10.08.2022"
"8","ADBE","Adobe Inc.","Акции иностранного эмитента обыкновенные","US00724F1012","10.08.2022"
"9","ADI","Analog Devices, Inc.","Акции иностранного эмитента обыкновенные","US0326541051","24.08.2022"
"10","ADM","Archer-Daniels-Midland Company","Акции иностранного эмитента обыкновенные","US0394831020","17.08.2022"
"11","ADP","Automatic Data Processing, Inc.","Акции иностранного эмитента обыкновенные","US0530151036","24.08.2022"
"12","ADPT","Adaptive Biotechnologies Corporation","Акции иностранного эмитента обыкновенные","US00650F1093","17.08.2022"
"13","ADSK","Autodesk, Inc.","Акции иностранного эмитента обыкновенные","US0527691069","10.08.2022"
"14","AEE","Ameren Corporation","Акции иностранного эмитента обыкновенные","US0236081024","24.08.2022"
"15","AEM","Agnico Eagle Mines Limited","Акции иностранного эмитента обыкновенные","CA0084741085","17.08.2022"
"16","AES","The AES Corporation","Акции иностранного эмитента обыкновенные","US00130H1059","24.08.2022"
"17","AFL","Aflac Incorporated","Акции иностранного эмитента обыкновенные","US0010551028","17.08.2022"
"18","AFRM","Affirm Holdings, Inc.","Акции иностранного эмитента обыкновенные класса A","US00827B1061","10.08.2022"
"19","AGNC","AGNC Investment Corp.","Акции иностранного эмитента обыкновенные","US00123Q1040","24.08.2022"
"20","AIG","American International Group, Inc.","Акции иностранного эмитента обыкновенные","US0268747849","17.08.2022"
"21","AKAM","Akamai Technologies, Inc.","Акции иностранного эмитента обыкновенные","US00971T1016","10.08.2022"
"22","ALB","Albemarle Corporation","Акции иностранного эмитента обыкновенные","US0126531013","10.08.2022"
"23","ALK","Alaska Air Group, Inc.","Акции иностранного эмитента обыкновенные","US0116591092","24.08.2022"
"24","ALL","The Allstate Corporation","Акции иностранного эмитента обыкновенные","US0200021014","17.08.2022"
"25","ALLY","Ally Financial Inc.","Акции иностранного эмитента обыкновенные","US02005N1000","24.08.2022"
"26","AMAT","Applied Materials, Inc.","Акции иностранного эмитента обыкновенные","US0382221051","10.08.2022"
"27","AMD","Advanced Micro Devices, Inc.","Акции иностранного эмитента обыкновенные","US0079031078","10.08.2022"
"28","AMGN","Amgen Inc.","Акции иностранного эмитента обыкновенные","US0311621009","17.08.2022"
"29","AMT","American Tower Corporation","Акции иностранного эмитента обыкновенные","US03027X1000","24.08.2022"
"30","AMZN","Amazon.com, Inc.","Акции иностранного эмитента обыкновенные","US0231351067","10.08.2022"
"31","ANET","Arista Networks, Inc.","Акции иностранного эмитента обыкновенные","US0404131064","17.08.2022"
"32","APA","APA Corporation","Акции иностранного эмитента обыкновенные","US03743Q1085","10.08.2022"
"33","APLE","Apple Hospitality REIT, Inc.","Акции иностранного эмитента обыкновенные","US03784Y2000","24.08.2022"
"34","APP","AppLovin Corporation","Акции иностранного эмитента обыкновенные класса A","US03831W1080","17.08.2022"
"35","APPS","Digital Turbine, Inc.","Акции иностранного эмитента обыкновенные","US25400W1027","10.08.2022"
"36","APTV","Aptiv PLC","Акции иностранного эмитента обыкновенные","JE00B783TY65","24.08.2022"
"37","ARRY","Array Technologies, Inc.","Акции иностранного эмитента обыкновенные","US04271T1007","17.08.2022"
"38","ATUS","Altice USA, Inc.","Акции иностранного эмитента обыкновенные класса A","US02156K1034","10.08.2022"
"39","ATVI","Activision Blizzard, Inc.","Акции иностранного эмитента обыкновенные","US00507V1098","10.08.2022"
"40","AVGO","Broadcom Inc.","Акции иностранного эмитента обыкновенные","US11135F1012","10.08.2022"
"41","AVTR","Avantor, Inc.","Акции иностранного эмитента обыкновенные","US05352A1007","24.08.2022"
"42","AXP","American Express Company","Акции иностранного эмитента обыкновенные","US0258161092","10.08.2022"
"43","AZN","Deutsche Bank Trust Company Americas","Депозитарные расписки Deutsche Bank Trust Company Americas, удостоверяющие права в отношении обыкновенных акций AstraZeneca PLC","US0463531089","17.08.2022"
"44","BA","THE BOEING COMPANY","Акции иностранного эмитента обыкновенные","US0970231058","10.08.2022"
"45","BABA","Citibank, N.A.","Депозитарные расписки Citibank, N.A., удостоверяющие права в отношении обыкновенных акций Alibaba Group Holding Limited","US01609W1027","10.08.2022"
"46","BAH","Booz Allen Hamilton Holding Corporation","Акции иностранного эмитента обыкновенные класса A","US0995021062","24.08.2022"
"47","BALL","Ball Corporation","Акции иностранного эмитента обыкновенные","US0584981064","17.08.2022"
"48","BAX","Baxter International Inc.","Акции иностранного эмитента обыкновенные","US0718131099","24.08.2022"
"49","BBWI","Bath & Body Works, Inc.","Акции иностранного эмитента обыкновенные","US0708301041","17.08.2022"
"50","BBY","Best Buy Co., Inc.","Акции иностранного эмитента обыкновенные","US0865161014","10.08.2022"
"51","BEN","Franklin Resources, Inc.","Акции иностранного эмитента обыкновенные","US3546131018","24.08.2022"
"52","BIDU","The Bank of New York Mellon","Депозитарные расписки The Bank of New York Mellon, удостоверяющие права в отношении обыкновенных акций класса A Baidu, Inc.","US0567521085","10.08.2022"
"53","BIGC","BigCommerce Holdings, Inc.","Акции иностранного эмитента обыкновенные серии 1","US08975P1084","17.08.2022"
"54","BJ","BJ's Wholesale Club Holdings, Inc.","Акции иностранного эмитента обыкновенные","US05550J1016","24.08.2022"
"55","BK","The Bank of New York Mellon Corporation","Акции иностранного эмитента обыкновенные","US0640581007","17.08.2022"
"56","BKR","Baker Hughes Company","Акции иностранного эмитента обыкновенные класса A","US05722G1004","10.08.2022"
"57","BLDR","Builders FirstSource, Inc.","Акции иностранного эмитента обыкновенные","US12008R1077","24.08.2022"
"58","BLK","BlackRock, Inc.","Акции иностранного эмитента обыкновенные","US09247X1019","10.08.2022"
"59","BMRN","BioMarin Pharmaceutical Inc.","Акции иностранного эмитента обыкновенные","US09061G1013","17.08.2022"
"60","BMY","Bristol-Myers Squibb Company","Акции иностранного эмитента обыкновенные","US1101221083","10.08.2022"
"61","BSX","Boston Scientific Corporation","Акции иностранного эмитента обыкновенные","US1011371077","24.08.2022"
"62","BUD","The Bank of New York Mellon","Депозитарные расписки The Bank of New York Mellon, удостоверяющие права в отношении обыкновенных акций Anheuser-Busch InBev SA/NV","US03524A1088","17.08.2022"
"63","BURL","Burlington Stores, Inc.","Акции иностранного эмитента обыкновенные","US1220171060","24.08.2022"
"64","BX","Blackstone Inc.","Акции иностранного эмитента обыкновенные","US09260D1072","17.08.2022"
"65","BZUN","JPMorgan Chase Bank, N.A.","Депозитарные расписки JPMorgan Chase Bank, N.A., удостоверяющие права в отношении обыкновенных акций класса A Baozun Inc.","US06684L1035","10.08.2022"
"66","C","Citigroup Inc.","Акции иностранного эмитента обыкновенные","US1729674242","10.08.2022"
"67","CAG","Conagra Brands, Inc.","Акции иностранного эмитента обыкновенные","US2058871029","24.08.2022"
"68","CAH","Cardinal Health, Inc.","Акции иностранного эмитента обыкновенные","US14149Y1082","17.08.2022"
"69","CARR","Carrier Global Corporation","Акции иностранного эмитента обыкновенные","US14448C1045","24.08.2022"
"70","CAT","Caterpillar Inc.","Акции иностранного эмитента обыкновенные","US1491231015","10.08.2022"
"71","CB","Chubb Limited","Акции иностранного эмитента обыкновенные","CH0044328745","17.08.2022"
"72","CC","The Chemours Company","Акции иностранного эмитента обыкновенные","US1638511089","24.08.2022"
"73","CCI","Crown Castle International Corp.","Акции иностранного эмитента обыкновенные","US22822V1017","17.08.2022"
"74","CCJ","Cameco Corporation","Акции иностранного эмитента обыкновенные","CA13321L1085","24.08.2022"
"75","CCL","Carnival Corporation","Акции иностранного эмитента обыкновенные","PA1436583006","10.08.2022"
"76","CCXI","ChemoCentryx, Inc.","Акции иностранного эмитента обыкновенные","US16383L1061","10.08.2022"
"77","CDNS","Cadence Design Systems, Inc.","Акции иностранного эмитента обыкновенные","US1273871087","17.08.2022"
"78","CF","CF Industries Holdings, Inc.","Акции иностранного эмитента обыкновенные","US1252691001","10.08.2022"
"79","CFG","Citizens Financial Group, Inc.","Акции иностранного эмитента обыкновенные","US1746101054","24.08.2022"
"80","CFLT","Confluent, Inc.","Акции иностранного эмитента обыкновенные класса A","US20717M1036","17.08.2022"
"81","CHGG","Chegg, Inc.","Акции иностранного эмитента обыкновенные","US1630921096","10.08.2022"
"82","CHRW","C.H. Robinson Worldwide, Inc.","Акции иностранного эмитента обыкновенные","US12541W2098","24.08.2022"
"83","CHTR","Charter Communications, Inc.","Акции иностранного эмитента обыкновенные класса A","US16119P1084","17.08.2022"
"84","CHX","ChampionX Corporation","Акции иностранного эмитента обыкновенные","US15872M1045","24.08.2022"
"85","CI","Cigna Corporation","Акции иностранного эмитента обыкновенные","US1255231003","17.08.2022"
"86","CIEN","Ciena Corporation","Акции иностранного эмитента обыкновенные","US1717793095","24.08.2022"
"87","CL","Colgate-Palmolive Company","Акции иностранного эмитента обыкновенные","US1941621039","10.08.2022"
"88","CLF","Cleveland-Cliffs Inc.","Акции иностранного эмитента обыкновенные","US1858991011","10.08.2022"
"89","CLX","The Clorox Company","Акции иностранного эмитента обыкновенные","US1890541097","17.08.2022"
"90","CMA","Comerica Incorporated","Акции иностранного эмитента обыкновенные","US2003401070","24.08.2022"
"91","CMCSA","Comcast Corporation","Акции иностранного эмитента обыкновенные класса A","US20030N1019","17.08.2022"
"92","CME","CME Group Inc.","Акции иностранного эмитента обыкновенные класса A","US12572Q1058","24.08.2022"
"93","CNC","Centene Corporation","Акции иностранного эмитента обыкновенные","US15135B1017","17.08.2022"
"94","CNK","Cinemark Holdings, Inc.","Акции иностранного эмитента обыкновенные","US17243V1026","10.08.2022"
"95","CNP","CenterPoint Energy, Inc.","Акции иностранного эмитента обыкновенные","US15189T1079","24.08.2022"
"96","CNX","CNX Resources Corporation","Акции иностранного эмитента обыкновенные","US12653C1080","17.08.2022"
"97","COF","Capital One Financial Corporation","Акции иностранного эмитента обыкновенные","US14040H1059","24.08.2022"
"98","COP","ConocoPhillips","Акции иностранного эмитента обыкновенные","US20825C1045","10.08.2022"
"99","COST","Costco Wholesale Corporation","Акции иностранного эмитента обыкновенные","US22160K1051","17.08.2022"
"100","COTY","Coty Inc.","Акции иностранного эмитента обыкновенные класса A","US2220702037","24.08.2022"
"101","COUP","Coupa Software Incorporated","Акции иностранного эмитента обыкновенные","US22266L1061","17.08.2022"
"102","CPB","Campbell Soup Company","Акции иностранного эмитента обыкновенные","US1344291091","24.08.2022"
"103","CPNG","Coupang, Inc.","Акции иностранного эмитента обыкновенные класса A","US22266T1097","10.08.2022"
"104","CPRI","Capri Holdings Limited","Акции иностранного эмитента обыкновенные","VGG1890L1076","17.08.2022"
"105","CRM","Salesforce, Inc.","Акции иностранного эмитента обыкновенные","US79466L3024","10.08.2022"
"106","CROX","Crocs, Inc.","Акции иностранного эмитента обыкновенные","US2270461096","10.08.2022"
"107","CRWD","CrowdStrike Holdings, Inc.","Акции иностранного эмитента обыкновенные класса A","US22788C1053","10.08.2022"
"108","CSCO","Cisco Systems, Inc.","Акции иностранного эмитента обыкновенные","US17275R1023","10.08.2022"
"109","CSX","CSX Corporation","Акции иностранного эмитента обыкновенные","US1264081035","24.08.2022"
"110","CTRA","Coterra Energy Inc.","Акции иностранного эмитента обыкновенные","US1270971039","17.08.2022"
"111","CTVA","Corteva, Inc.","Акции иностранного эмитента обыкновенные","US22052L1044","24.08.2022"
"112","CVS","CVS Health Corporation","Акции иностранного эмитента обыкновенные","US1266501006","10.08.2022"
"113","CVX","Chevron Corporation","Акции иностранного эмитента обыкновенные","US1667641005","10.08.2022"
"114","CZR","Caesars Entertainment, Inc.","Акции иностранного эмитента обыкновенные","US12769G1004","17.08.2022"
"115","D","Dominion Energy, Inc.","Акции иностранного эмитента обыкновенные","US25746U1097","24.08.2022"
"116","DAL","Delta Air Lines, Inc.","Акции иностранного эмитента обыкновенные","US2473617023","10.08.2022"
"117","DAR","Darling Ingredients Inc.","Акции иностранного эмитента обыкновенные","US2372661015","17.08.2022"
"118","DASH","DoorDash, Inc.","Акции иностранного эмитента обыкновенные класса A","US25809K1051","24.08.2022"
"119","DBX","Dropbox, Inc.","Акции иностранного эмитента обыкновенные класса A","US26210C1045","17.08.2022"
"120","DD","DuPont de Nemours, Inc.","Акции иностранного эмитента обыкновенные","US26614N1028","10.08.2022"
"121","DDD","3D Systems Corporation","Акции иностранного эмитента обыкновенные","US88554D2053","24.08.2022"
"122","DE","Deere & Company","Акции иностранного эмитента обыкновенные","US2441991054","10.08.2022"
"123","DELL","Dell Technologies Inc.","Акции иностранного эмитента обыкновенные класса C","US24703L2025","17.08.2022"
"124","DFS","Discover Financial Services","Акции иностранного эмитента обыкновенные","US2547091080","24.08.2022"
"125","DG","Dollar General Corporation","Акции иностранного эмитента обыкновенные","US2566771059","10.08.2022"
"126","DHI","D.R. Horton, Inc.","Акции иностранного эмитента обыкновенные","US23331A1097","10.08.2022"
"127","DHR","Danaher Corporation","Акции иностранного эмитента обыкновенные","US2358511028","10.08.2022"
"128","DINO","HF Sinclair Corporation","Акции иностранного эмитента обыкновенные","US4039491000","17.08.2022"
"129","DIS","The Walt Disney Company","Акции иностранного эмитента обыкновенные","US2546871060","10.08.2022"
"130","DISH","DISH Network Corporation","Акции иностранного эмитента обыкновенные класса A","US25470M1099","10.08.2022"
"131","DK","Delek US Holdings, Inc.","Акции иностранного эмитента обыкновенные","US24665A1034","24.08.2022"
"132","DKS","Dick's Sporting Goods, Inc.","Акции иностранного эмитента обыкновенные","US2533931026","17.08.2022"
"133","DLR","Digital Realty Trust, Inc.","Акции иностранного эмитента обыкновенные","US2538681030","24.08.2022"
"134","DLTR","Dollar Tree, Inc.","Акции иностранного эмитента обыкновенные","US2567461080","10.08.2022"
"135","DOCU","DocuSign, Inc.","Акции иностранного эмитента обыкновенные","US2561631068","10.08.2022"
"136","DOW","Dow Inc.","Акции иностранного эмитента обыкновенные","US2605571031","17.08.2022"
"137","DVN","Devon Energy Corporation","Акции иностранного эмитента обыкновенные","US25179M1036","10.08.2022"
"138","DXC","DXC Technology Company","Акции иностранного эмитента обыкновенные","US23355L1061","24.08.2022"
"139","DXCM","DexCom, Inc.","Акции иностранного эмитента обыкновенные","US2521311074","17.08.2022"
"140","EA","Electronic Arts Inc.","Акции иностранного эмитента обыкновенные","US2855121099","24.08.2022"
"141","EBAY","eBay Inc.","Акции иностранного эмитента обыкновенные","US2786421030","10.08.2022"
"142","ECL","Ecolab Inc.","Акции иностранного эмитента обыкновенные","US2788651006","10.08.2022"
"143","ED","Consolidated Edison, Inc.","Акции иностранного эмитента обыкновенные","US2091151041","17.08.2022"
"144","EIX","Edison International","Акции иностранного эмитента обыкновенные","US2810201077","24.08.2022"
"145","EL","The Estee Lauder Companies Inc.","Акции иностранного эмитента обыкновенные класса A","US5184391044","17.08.2022"
"146","ELAN","Elanco Animal Health Incorporated","Акции иностранного эмитента обыкновенные","US28414H1032","24.08.2022"
"147","EMR","Emerson Electric Co.","Акции иностранного эмитента обыкновенные","US2910111044","17.08.2022"
"148","ENPH","Enphase Energy, Inc.","Акции иностранного эмитента обыкновенные","US29355A1079","10.08.2022"
"149","ENTG","Entegris, Inc.","Акции иностранного эмитента обыкновенные","US29362U1043","24.08.2022"
"150","EOG","EOG Resources, Inc.","Акции иностранного эмитента обыкновенные","US26875P1012","10.08.2022"
"151","EQT","EQT Corporation","Акции иностранного эмитента обыкновенные","US26884L1098","10.08.2022"
"152","ES","Eversource Energy","Акции иностранного эмитента обыкновенные","US30040W1080","17.08.2022"
"153","ESTC","Elastic N.V.","Акции иностранного эмитента обыкновенные","NL0013056914","24.08.2022"
"154","ETRN","Equitrans Midstream Corporation","Акции иностранного эмитента обыкновенные","US2946001011","10.08.2022"
"155","ETSY","Etsy, Inc.","Акции иностранного эмитента обыкновенные","US29786A1060","10.08.2022"
"156","EW","Edwards Lifesciences Corporation","Акции иностранного эмитента обыкновенные","US28176E1082","17.08.2022"
"157","EXAS","Exact Sciences Corporation","Акции иностранного эмитента обыкновенные","US30063P1057","24.08.2022"
"158","EXC","Exelon Corporation","Акции иностранного эмитента обыкновенные","US30161N1019","17.08.2022"
"159","EXEL","Exelixis, Inc.","Акции иностранного эмитента обыкновенные","US30161Q1040","24.08.2022"
"160","EXPE","Expedia Group, Inc.","Акции иностранного эмитента обыкновенные","US30212P3038","17.08.2022"
"161","F","Ford Motor Company","Акции иностранного эмитента обыкновенные","US3453708600","10.08.2022"
"162","FANG","Diamondback Energy, Inc.","Акции иностранного эмитента обыкновенные","US25278X1090","24.08.2022"
"163","FAST","Fastenal Company","Акции иностранного эмитента обыкновенные","US3119001044","17.08.2022"
"164","FATE","Fate Therapeutics, Inc.","Акции иностранного эмитента обыкновенные","US31189P1021","10.08.2022"
"165","FBHS","Fortune Brands Home & Security, Inc.","Акции иностранного эмитента обыкновенные","US34964C1062","10.08.2022"
"166","FCX","Freeport-McMoRan Inc.","Акции иностранного эмитента обыкновенные","US35671D8570","10.08.2022"
"167","FDX","FedEx Corporation","Акции иностранного эмитента обыкновенные","US31428X1063","10.08.2022"
"168","FISV","Fiserv, Inc.","Акции иностранного эмитента обыкновенные","US3377381088","24.08.2022"
"169","FITB","Fifth Third Bancorp","Акции иностранного эмитента обыкновенные","US3167731005","17.08.2022"
"170","FL","Foot Locker, Inc.","Акции иностранного эмитента обыкновенные","US3448491049","24.08.2022"
"171","FLO","Flowers Foods, Inc.","Акции иностранного эмитента обыкновенные","US3434981011","17.08.2022"
"172","FLR","Fluor Corporation","Акции иностранного эмитента обыкновенные","US3434121022","24.08.2022"
"173","FOLD","Amicus Therapeutics, Inc.","Акции иностранного эмитента обыкновенные","US03152W1099","17.08.2022"
"174","FSLR","First Solar, Inc.","Акции иностранного эмитента обыкновенные","US3364331070","10.08.2022"
"175","FTCH","Farfetch Limited","Акции иностранного эмитента обыкновенные класса A","KY30744W1070","10.08.2022"
"176","FTI","TechnipFMC plc","Акции иностранного эмитента обыкновенные","GB00BDSFG982","10.08.2022"
"177","FTNT","Fortinet, Inc.","Акции иностранного эмитента обыкновенные","US34959E1091","24.08.2022"
"178","FTV","Fortive Corporation","Акции иностранного эмитента обыкновенные","US34959J1088","10.08.2022"
"179","GBT","Global Blood Therapeutics, Inc.","Акции иностранного эмитента обыкновенные","US37890U1088","17.08.2022"
"180","GD","General Dynamics Corporation","Акции иностранного эмитента обыкновенные","US3695501086","24.08.2022"
"181","GDDY","GoDaddy Inc.","Акции иностранного эмитента обыкновенные класса A","US3802371076","17.08.2022"
"182","GE","General Electric Company","Акции иностранного эмитента обыкновенные","US3696043013","24.08.2022"
"183","GH","Guardant Health, Inc.","Акции иностранного эмитента обыкновенные","US40131M1099","17.08.2022"
"184","GILD","GILEAD SCIENCES, INC.","Акции иностранного эмитента обыкновенные","US3755581036","10.08.2022"
"185","GIS","General Mills, Inc.","Акции иностранного эмитента обыкновенные","US3703341046","10.08.2022"
"186","GLPI","Gaming and Leisure Properties, Inc.","Акции иностранного эмитента обыкновенные","US36467J1088","24.08.2022"
"187","GLW","Corning Incorporated","Акции иностранного эмитента обыкновенные","US2193501051","17.08.2022"
"188","GM","General Motors Company","Акции иностранного эмитента обыкновенные","US37045V1008","10.08.2022"
"189","GNRC","Generac Holdings Inc.","Акции иностранного эмитента обыкновенные","US3687361044","24.08.2022"
"190","GOLD","Barrick Gold Corporation","Акции иностранного эмитента обыкновенные","CA0679011084","10.08.2022"
"191","GOOGL","Alphabet Inc.","Акции иностранного эмитента обыкновенные класса A","US02079K3059","10.08.2022"
"192","GPN","Global Payments Inc.","Акции иностранного эмитента обыкновенные","US37940X1028","17.08.2022"
"193","GPS","The Gap, Inc.","Акции иностранного эмитента обыкновенные","US3647601083","10.08.2022"
"194","GS","The Goldman Sachs Group, Inc.","Акции иностранного эмитента обыкновенные","US38141G1040","10.08.2022"
"195","GT","The Goodyear Tire & Rubber Company","Акции иностранного эмитента обыкновенные","US3825501014","10.08.2022"
"196","HAIN","The Hain Celestial Group, Inc.","Акции иностранного эмитента обыкновенные","US4052171000","24.08.2022"
"197","HAL","Halliburton Company","Акции иностранного эмитента обыкновенные","US4062161017","10.08.2022"
"198","HBAN","Huntington Bancshares Incorporated","Акции иностранного эмитента обыкновенные","US4461501045","17.08.2022"
"199","HBI","Hanesbrands Inc.","Акции иностранного эмитента обыкновенные","US4103451021","10.08.2022"
"200","HD","The Home Depot, Inc.","Акции иностранного эмитента обыкновенные","US4370761029","10.08.2022"
"201","HES","Hess Corporation","Акции иностранного эмитента обыкновенные","US42809H1077","24.08.2022"
"202","HIG","The Hartford Financial Services Group, Inc.","Акции иностранного эмитента обыкновенные","US4165151048","17.08.2022"
"203","HLT","Hilton Worldwide Holdings Inc.","Акции иностранного эмитента обыкновенные","US43300A2033","24.08.2022"
"204","HOG","Harley-Davidson, Inc.","Акции иностранного эмитента обыкновенные","US4128221086","17.08.2022"
"205","HOLX","Hologic, Inc.","Акции иностранного эмитента обыкновенные","US4364401012","24.08.2022"
"206","HON","Honeywell International Inc.","Акции иностранного эмитента обыкновенные","US4385161066","17.08.2022"
"207","HP","Helmerich & Payne, Inc.","Акции иностранного эмитента обыкновенные","US4234521015","24.08.2022"
"208","HPE","Hewlett Packard Enterprise Company","Акции иностранного эмитента обыкновенные","US42824C1099","17.08.2022"
"209","HPQ","HP Inc.","Акции иностранного эмитента обыкновенные","US40434L1052","24.08.2022"
"210","HRB","H&R Block, Inc.","Акции иностранного эмитента обыкновенные","US0936711052","17.08.2022"
"211","HRL","Hormel Foods Corporation","Акции иностранного эмитента обыкновенные","US4404521001","10.08.2022"
"212","HST","Host Hotels & Resorts, Inc.","Акции иностранного эмитента обыкновенные","US44107P1049","24.08.2022"
"213","HTHT","Citibank, N.A.","Депозитарные расписки Citibank, N.A., удостоверяющие права в отношении обыкновенных акций H World Group Limited","US44332N1063","17.08.2022"
"214","IBM","International Business Machines Corporation","Акции иностранного эмитента обыкновенные","US4592001014","10.08.2022"
"215","IBN","Deutsche Bank Trust Company Americas","Депозитарные расписки Deutsche Bank Trust Company Americas, удостоверяющие права в отношении обыкновенных акций ICICI Bank Limited","US45104G1040","24.08.2022"
"216","ICE","Intercontinental Exchange, Inc.","Акции иностранного эмитента обыкновенные","US45866F1049","10.08.2022"
"217","IIVI","II-VI Incorporated","Акции иностранного эмитента обыкновенные","US9021041085","17.08.2022"
"218","ILMN","Illumina, Inc.","Акции иностранного эмитента обыкновенные","US4523271090","24.08.2022"
"219","INCY","Incyte Corporation","Акции иностранного эмитента обыкновенные","US45337C1027","17.08.2022"
"220","INTC","Intel Corporation","Акции иностранного эмитента обыкновенные","US4581401001","10.08.2022"
"221","INTU","Intuit Inc.","Акции иностранного эмитента обыкновенные","US4612021034","24.08.2022"
"222","IOVA","Iovance Biotherapeutics, Inc.","Акции иностранного эмитента обыкновенные","US4622601007","10.08.2022"
"223","IP","International Paper Company","Акции иностранного эмитента обыкновенные","US4601461035","17.08.2022"
"224","IRM","Iron Mountain Incorporated","Акции иностранного эмитента обыкновенные","US46284V1017","24.08.2022"
"225","ISRG","Intuitive Surgical, Inc.","Акции иностранного эмитента обыкновенные","US46120E6023","17.08.2022"
"226","IVZ","Invesco Ltd.","Акции иностранного эмитента обыкновенные","BMG491BT1088","24.08.2022"
"227","JBL","Jabil Inc.","Акции иностранного эмитента обыкновенные","US4663131039","17.08.2022"
"228","JD","Deutsche Bank Trust Company Americas","Депозитарные расписки Deutsche Bank Trust Company Americas, удостоверяющие права в отношении обыкновенных акций класса A JD.com, Inc.","US47215P1066","10.08.2022"
"229","JNJ","Johnson & Johnson","Акции иностранного эмитента обыкновенные","US4781601046","10.08.2022"
"230","JNPR","Juniper Networks, Inc.","Акции иностранного эмитента обыкновенные","US48203R1041","24.08.2022"
"231","JPM","JPMorgan Chase & Co.","Акции иностранного эмитента обыкновенные","US46625H1005","10.08.2022"
"232","K","Kellogg Company","Акции иностранного эмитента обыкновенные","US4878361082","17.08.2022"
"233","KBH","KB Home","Акции иностранного эмитента обыкновенные","US48666K1097","24.08.2022"
"234","KD","Kyndryl Holdings, Inc.","Акции иностранного эмитента обыкновенные","US50155Q1004","17.08.2022"
"235","KEY","KeyCorp","Акции иностранного эмитента обыкновенные","US4932671088","24.08.2022"
"236","KHC","The Kraft Heinz Company","Акции иностранного эмитента обыкновенные","US5007541064","10.08.2022"
"237","KIM","Kimco Realty Corporation","Акции иностранного эмитента обыкновенные","US49446R1095","17.08.2022"
"238","KLAC","KLA Corporation","Акции иностранного эмитента обыкновенные","US4824801009","24.08.2022"
"239","KMB","Kimberly-Clark Corporation","Акции иностранного эмитента обыкновенные","US4943681035","10.08.2022"
"240","KMI","Kinder Morgan, Inc.","Акции иностранного эмитента обыкновенные класса P","US49456B1017","17.08.2022"
"241","KMX","CarMax, Inc.","Акции иностранного эмитента обыкновенные","US1431301027","24.08.2022"
"242","KNX","Knight-Swift Transportation Holdings Inc.","Акции иностранного эмитента обыкновенные","US4990491049","17.08.2022"
"243","KO","THE COCA-COLA COMPANY","Акции иностранного эмитента обыкновенные","US1912161007","10.08.2022"
"244","KR","The Kroger Co.","Акции иностранного эмитента обыкновенные","US5010441013","24.08.2022"
"245","LEN","Lennar Corporation","Акции иностранного эмитента обыкновенные класса A","US5260571048","10.08.2022"
"246","LEVI","Levi Strauss & Co.","Акции иностранного эмитента обыкновенные класса A","US52736R1023","10.08.2022"
"247","LI","Deutsche Bank Trust Company Americas","Депозитарные расписки Deutsche Bank Trust Company Americas, удостоверяющие права в отношении обыкновенных акций класса A Li Auto Inc.","US50202M1027","10.08.2022"
"248","LIN","Linde plc","Акции иностранного эмитента обыкновенные","IE00BZ12WP82","17.08.2022"
"249","LLY","Eli Lilly and Company","Акции иностранного эмитента обыкновенные","US5324571083","10.08.2022"
"250","LMT","Lockheed Martin Corporation","Акции иностранного эмитента обыкновенные","US5398301094","10.08.2022"
"251","LNTH","Lantheus Holdings, Inc.","Акции иностранного эмитента обыкновенные","US5165441032","24.08.2022"
"252","LOW","Lowe's Companies, Inc.","Акции иностранного эмитента обыкновенные","US5486611073","17.08.2022"
"253","LPSN","LivePerson, Inc.","Акции иностранного эмитента обыкновенные","US5381461012","24.08.2022"
"254","LPX","Louisiana-Pacific Corporation","Акции иностранного эмитента обыкновенные","US5463471053","17.08.2022"
"255","LRCX","Lam Research Corporation","Акции иностранного эмитента обыкновенные","US5128071082","10.08.2022"
"256","LSCC","Lattice Semiconductor Corporation","Акции иностранного эмитента обыкновенные","US5184151042","24.08.2022"
"257","LTHM","Livent Corporation","Акции иностранного эмитента обыкновенные","US53814L1089","10.08.2022"
"258","LULU","lululemon athletica inc.","Акции иностранного эмитента обыкновенные","US5500211090","17.08.2022"
"259","LUMN","Lumen Technologies, Inc.","Акции иностранного эмитента обыкновенные","US5502411037","10.08.2022"
"260","LUV","Southwest Airlines Co.","Акции иностранного эмитента обыкновенные","US8447411088","10.08.2022"
"261","LVS","Las Vegas Sands Corp.","Акции иностранного эмитента обыкновенные","US5178341070","10.08.2022"
"262","LYB","LyondellBasell Industries N.V.","Акции иностранного эмитента обыкновенные класса A","NL0009434992","24.08.2022"
"263","LYFT","Lyft, Inc.","Акции иностранного эмитента обыкновенные класса A","US55087P1049","10.08.2022"
"264","M","Macy's, Inc.","Акции иностранного эмитента обыкновенные","US55616P1049","10.08.2022"
"265","MA","Mastercard Incorporated","Акции иностранного эмитента обыкновенные класса A","US57636Q1040","10.08.2022"
"266","MAC","The Macerich Company","Акции иностранного эмитента обыкновенные","US5543821012","10.08.2022"
"267","MAR","Marriott International, Inc.","Акции иностранного эмитента обыкновенные класса A","US5719032022","17.08.2022"
"268","MAS","Masco Corporation","Акции иностранного эмитента обыкновенные","US5745991068","24.08.2022"
"269","MAT","Mattel, Inc.","Акции иностранного эмитента обыкновенные","US5770811025","17.08.2022"
"270","MCD","McDonald's Corporation","Акции иностранного эмитента обыкновенные","US5801351017","10.08.2022"
"271","MCHP","Microchip Technology Incorporated","Акции иностранного эмитента обыкновенные","US5950171042","24.08.2022"
"272","MCK","McKesson Corporation","Акции иностранного эмитента обыкновенные","US58155Q1031","10.08.2022"
"273","MDB","MongoDB, Inc.","Акции иностранного эмитента обыкновенные класса A","US60937P1066","10.08.2022"
"274","MDLZ","Mondelez International, Inc.","Акции иностранного эмитента обыкновенные класса A","US6092071058","17.08.2022"
"275","MDRX","Allscripts Healthcare Solutions, Inc.","Акции иностранного эмитента обыкновенные","US01988P1084","24.08.2022"
"276","MET","MetLife, Inc.","Акции иностранного эмитента обыкновенные","US59156R1086","17.08.2022"
"277","MGM","MGM Resorts International","Акции иностранного эмитента обыкновенные","US5529531015","24.08.2022"
"278","MKC","McCormick & Company, Incorporated","Акции иностранного эмитента обыкновенные","US5797802064","17.08.2022"
"279","MNST","Monster Beverage Corporation","Акции иностранного эмитента обыкновенные","US61174X1090","24.08.2022"
"280","MO","Altria Group, Inc.","Акции иностранного эмитента обыкновенные","US02209S1033","10.08.2022"
"281","MOS","The Mosaic Company","Акции иностранного эмитента обыкновенные","US61945C1036","10.08.2022"
"282","MPC","Marathon Petroleum Corporation","Акции иностранного эмитента обыкновенные","US56585A1025","10.08.2022"
"283","MPW","Medical Properties Trust, Inc.","Акции иностранного эмитента обыкновенные","US58463J3041","17.08.2022"
"284","MRK","Merck & Co., Inc.","Акции иностранного эмитента обыкновенные","US58933Y1055","10.08.2022"
"285","MRNA","Moderna, Inc.","Акции иностранного эмитента обыкновенные","US60770K1079","10.08.2022"
"286","MRO","Marathon Oil Corporation","Акции иностранного эмитента обыкновенные","US5658491064","10.08.2022"
"287","MRTX","Mirati Therapeutics, Inc.","Акции иностранного эмитента обыкновенные","US60468T1051","24.08.2022"
"288","MRVI","Maravai LifeSciences Holdings, Inc.","Акции иностранного эмитента обыкновенные класса A","US56600D1072","17.08.2022"
"289","MRVL","Marvell Technology, Inc.","Акции иностранного эмитента обыкновенные","US5738741041","24.08.2022"
"290","MS","Morgan Stanley","Акции иностранного эмитента обыкновенные","US6174464486","10.08.2022"
"291","MSFT","Microsoft Corporation","Акции иностранного эмитента обыкновенные","US5949181045","10.08.2022"
"292","MTG","MGIC Investment Corporation","Акции иностранного эмитента обыкновенные","US5528481030","17.08.2022"
"293","MU","Micron Technology, Inc.","Акции иностранного эмитента обыкновенные","US5951121038","10.08.2022"
"294","MUR","Murphy Oil Corporation","Акции иностранного эмитента обыкновенные","US6267171022","24.08.2022"
"295","NAVI","Navient Corporation","Акции иностранного эмитента обыкновенные","US63938C1080","17.08.2022"
"296","NCR","NCR Corporation","Акции иностранного эмитента обыкновенные","US62886E1082","24.08.2022"
"297","NEE","NextEra Energy, Inc.","Акции иностранного эмитента обыкновенные","US65339F1012","10.08.2022"
"298","NEM","Newmont Corporation","Акции иностранного эмитента обыкновенные","US6516391066","10.08.2022"
"299","NEO","NeoGenomics, Inc.","Акции иностранного эмитента обыкновенные","US64049M2098","17.08.2022"
"300","NET","Cloudflare, Inc.","Акции иностранного эмитента обыкновенные класса A","US18915M1071","10.08.2022"
"301","NFLX","Netflix, Inc.","Акции иностранного эмитента обыкновенные","US64110L1061","10.08.2022"
"302","NKE","NIKE, Inc.","Акции иностранного эмитента обыкновенные класса B","US6541061031","10.08.2022"
"303","NLOK","NortonLifeLock Inc.","Акции иностранного эмитента обыкновенные","US6687711084","24.08.2022"
"304","NOV","NOV Inc.","Акции иностранного эмитента обыкновенные","US62955J1034","17.08.2022"
"305","NOW","ServiceNow, Inc.","Акции иностранного эмитента обыкновенные","US81762P1021","10.08.2022"
"306","NRG","NRG Energy, Inc.","Акции иностранного эмитента обыкновенные","US6293775085","10.08.2022"
"307","NSC","Norfolk Southern Corporation","Акции иностранного эмитента обыкновенные","US6558441084","24.08.2022"
"308","NTES","The Bank of New York Mellon","Депозитарные расписки The Bank of New York Mellon, удостоверяющие права в отношении обыкновенных акций NetEase, Inc.","US64110W1027","10.08.2022"
"309","NTNX","Nutanix, Inc.","Акции иностранного эмитента обыкновенные класса A","US67059N1081","17.08.2022"
"310","NTRA","Natera, Inc.","Акции иностранного эмитента обыкновенные","US6323071042","24.08.2022"
"311","NUE","Nucor Corporation","Акции иностранного эмитента обыкновенные","US6703461052","17.08.2022"
"312","NVDA","NVIDIA Corporation","Акции иностранного эмитента обыкновенные","US67066G1040","10.08.2022"
"313","NVS","JPMorgan Chase Bank, N.A.","Депозитарные расписки JPMorgan Chase Bank, N.A., удостоверяющие права в отношении обыкновенных акций Novartis AG","US66987V1098","24.08.2022"
"314","NWSA","News Corporation","Акции иностранного эмитента обыкновенные класса A","US65249B1098","17.08.2022"
"315","NXPI","NXP Semiconductors N.V.","Акции иностранного эмитента обыкновенные","NL0009538784","24.08.2022"
"316","NYCB","New York Community Bancorp, Inc.","Акции иностранного эмитента обыкновенные","US6494451031","17.08.2022"
"317","O","Realty Income Corporation","Акции иностранного эмитента обыкновенные","US7561091049","24.08.2022"
"318","OGN","Organon & Co.","Акции иностранного эмитента обыкновенные","US68622V1061","17.08.2022"
"319","OHI","Omega Healthcare Investors, Inc.","Акции иностранного эмитента обыкновенные","US6819361006","24.08.2022"
"320","OI","O-I Glass, Inc.","Акции иностранного эмитента обыкновенные","US67098H1041","17.08.2022"
"321","OKE","ONEOK, Inc.","Акции иностранного эмитента обыкновенные","US6826801036","10.08.2022"
"322","OKTA","Okta, Inc.","Акции иностранного эмитента обыкновенные класса A","US6792951054","10.08.2022"
"323","OLLI","Ollie’s Bargain Outlet Holdings, Inc.","Акции иностранного эмитента обыкновенные","US6811161099","24.08.2022"
"324","OLN","Olin Corporation","Акции иностранного эмитента обыкновенные","US6806652052","17.08.2022"
"325","OMC","Omnicom Group Inc.","Акции иностранного эмитента обыкновенные","US6819191064","24.08.2022"
"326","OMF","OneMain Holdings, Inc.","Акции иностранного эмитента обыкновенные","US68268W1036","17.08.2022"
"327","ON","ON Semiconductor Corporation","Акции иностранного эмитента обыкновенные","US6821891057","10.08.2022"
"328","ORCL","Oracle Corporation","Акции иностранного эмитента обыкновенные","US68389X1054","10.08.2022"
"329","OSH","Oak Street Health, Inc.","Акции иностранного эмитента обыкновенные","US67181A1079","24.08.2022"
"330","OSTK","Overstock.com, Inc.","Акции иностранного эмитента обыкновенные","US6903701018","17.08.2022"
"331","OTIS","Otis Worldwide Corporation","Акции иностранного эмитента обыкновенные","US68902V1070","24.08.2022"
"332","OVV","Ovintiv Inc.","Акции иностранного эмитента обыкновенные","US69047Q1022","10.08.2022"
"333","OXY","Occidental Petroleum Corporation","Акции иностранного эмитента обыкновенные","US6745991058","10.08.2022"
"334","PANW","Palo Alto Networks, Inc.","Акции иностранного эмитента обыкновенные","US6974351057","17.08.2022"
"335","PARA","Paramount Global","Акции иностранного эмитента обыкновенные класса B","US92556H2067","10.08.2022"
"336","PBF","PBF Energy Inc.","Акции иностранного эмитента обыкновенные класса A","US69318G1067","10.08.2022"
"337","PCAR","PACCAR Inc","Акции иностранного эмитента обыкновенные","US6937181088","24.08.2022"
"338","PCG","PG&E Corporation","Акции иностранного эмитента обыкновенные","US69331C1080","17.08.2022"
"339","PCOR","Procore Technologies, Inc.","Акции иностранного эмитента обыкновенные","US74275K1088","24.08.2022"
"340","PD","PagerDuty, Inc.","Акции иностранного эмитента обыкновенные","US69553P1003","17.08.2022"
"341","PEG","Public Service Enterprise Group Incorporated","Акции иностранного эмитента обыкновенные","US7445731067","24.08.2022"
"342","PEP","PepsiCo, Inc.","Акции иностранного эмитента обыкновенные","US7134481081","10.08.2022"
"343","PFE","Pfizer Inc.","Акции иностранного эмитента обыкновенные","US7170811035","10.08.2022"
"344","PFG","Principal Financial Group, Inc.","Акции иностранного эмитента обыкновенные","US74251V1026","17.08.2022"
"345","PG","The Procter & Gamble Company","Акции иностранного эмитента обыкновенные","US7427181091","10.08.2022"
"346","PGR","The Progressive Corporation","Акции иностранного эмитента обыкновенные","US7433151039","24.08.2022"
"347","PHM","PulteGroup, Inc.","Акции иностранного эмитента обыкновенные","US7458671010","10.08.2022"
"348","PLAY","Dave & Buster's Entertainment, Inc.","Акции иностранного эмитента обыкновенные","US2383371091","10.08.2022"
"349","PLD","Prologis, Inc.","Акции иностранного эмитента обыкновенные","US74340W1036","17.08.2022"
"350","PLTR","Palantir Technologies Inc.","Акции иностранного эмитента обыкновенные класса A","US69608A1088","10.08.2022"
"351","PM","Philip Morris International Inc.","Акции иностранного эмитента обыкновенные","US7181721090","10.08.2022"
"352","PNC","The PNC Financial Services Group, Inc.","Акции иностранного эмитента обыкновенные","US6934751057","24.08.2022"
"353","PPL","PPL Corporation","Акции иностранного эмитента обыкновенные","US69351T1060","17.08.2022"
"354","PRU","Prudential Financial, Inc.","Акции иностранного эмитента обыкновенные","US7443201022","24.08.2022"
"355","PSTG","Pure Storage, Inc.","Акции иностранного эмитента обыкновенные класса A","US74624M1027","10.08.2022"
"356","PSX","Phillips 66","Акции иностранного эмитента обыкновенные","US7185461040","17.08.2022"
"357","PTON","Peloton Interactive, Inc.","Акции иностранного эмитента обыкновенные класса A","US70614W1009","10.08.2022"
"358","PUMP","ProPetro Holding Corp.","Акции иностранного эмитента обыкновенные","US74347M1080","24.08.2022"
"359","PVH","PVH Corp.","Акции иностранного эмитента обыкновенные","US6936561009","17.08.2022"
"360","PWR","Quanta Services, Inc.","Акции иностранного эмитента обыкновенные","US74762E1029","24.08.2022"
"361","PXD","Pioneer Natural Resources Company","Акции иностранного эмитента обыкновенные","US7237871071","17.08.2022"
"362","QCOM","QUALCOMM Incorporated","Акции иностранного эмитента обыкновенные","US7475251036","10.08.2022"
"363","QRVO","Qorvo, Inc.","Акции иностранного эмитента обыкновенные","US74736K1016","24.08.2022"
"364","RCL","Royal Caribbean Cruises Ltd.","Акции иностранного эмитента обыкновенные","LR0008862868","10.08.2022"
"365","RDFN","Redfin Corporation","Акции иностранного эмитента обыкновенные","US75737F1084","17.08.2022"
"366","RF","Regions Financial Corporation","Акции иностранного эмитента обыкновенные","US7591EP1005","24.08.2022"
"367","RHI","Robert Half International Inc.","Акции иностранного эмитента обыкновенные","US7703231032","17.08.2022"
"368","RJF","Raymond James Financial, Inc.","Акции иностранного эмитента обыкновенные","US7547301090","24.08.2022"
"369","RL","Ralph Lauren Corporation","Акции иностранного эмитента обыкновенные класса A","US7512121010","17.08.2022"
"370","RNG","RingCentral, Inc.","Акции иностранного эмитента обыкновенные класса A","US76680R2067","24.08.2022"
"371","ROK","Rockwell Automation, Inc.","Акции иностранного эмитента обыкновенные","US7739031091","17.08.2022"
"372","ROKU","Roku, Inc.","Акции иностранного эмитента обыкновенные класса A","US77543R1023","10.08.2022"
"373","ROL","Rollins, Inc.","Акции иностранного эмитента обыкновенные","US7757111049","24.08.2022"
"374","ROST","Ross Stores, Inc.","Акции иностранного эмитента обыкновенные","US7782961038","17.08.2022"
"375","RRC","Range Resources Corporation","Акции иностранного эмитента обыкновенные","US75281A1097","10.08.2022"
"376","RSG","Republic Services, Inc.","Акции иностранного эмитента обыкновенные","US7607591002","24.08.2022"
"377","RTX","Raytheon Technologies Corporation","Акции иностранного эмитента обыкновенные","US75513E1010","17.08.2022"
"378","RUN","Sunrun Inc.","Акции иностранного эмитента обыкновенные","US86771W1053","10.08.2022"
"379","SBRA","Sabra Health Care REIT, Inc.","Акции иностранного эмитента обыкновенные","US78573L1061","24.08.2022"
"380","SBUX","Starbucks Corporation","Акции иностранного эмитента обыкновенные","US8552441094","10.08.2022"
"381","SCCO","Southern Copper Corporation","Акции иностранного эмитента обыкновенные","US84265V1052","17.08.2022"
"382","SCHW","The Charles Schwab Corporation","Акции иностранного эмитента обыкновенные","US8085131055","10.08.2022"
"383","SFM","Sprouts Farmers Market, Inc.","Акции иностранного эмитента обыкновенные","US85208M1027","24.08.2022"
"384","SHEL","JPMorgan Chase Bank, N.A.","Депозитарные расписки JPMorgan Chase Bank, N.A., удостоверяющие права в отношении обыкновенных акций Shell plc","US7802593050","10.08.2022"
"385","SHOP","Shopify Inc.","Акции иностранного эмитента обыкновенные класса A","CA82509L1076","10.08.2022"
"386","SIG","Signet Jewelers Limited","Акции иностранного эмитента обыкновенные","BMG812761002","10.08.2022"
"387","SJM","The J.M. Smucker Company","Акции иностранного эмитента обыкновенные","US8326964058","17.08.2022"
"388","SKIN","The Beauty Health Company","Акции иностранного эмитента обыкновенные класса A","US88331L1089","24.08.2022"
"389","SLB","Schlumberger Limited","Акции иностранного эмитента обыкновенные","AN8068571086","10.08.2022"
"390","SMAR","Smartsheet Inc.","Акции иностранного эмитента обыкновенные класса A","US83200N1037","17.08.2022"
"391","SNAP","Snap Inc.","Акции иностранного эмитента обыкновенные класса A","US83304A1060","10.08.2022"
"392","SNOW","Snowflake Inc.","Акции иностранного эмитента обыкновенные класса A","US8334451098","10.08.2022"
"393","SNY","JPMorgan Chase Bank, N.A.","Депозитарные расписки JPMorgan Chase Bank, N.A., удостоверяющие права в отношении обыкновенных акций Sanofi","US80105N1054","24.08.2022"
"394","SO","The Southern Company","Акции иностранного эмитента обыкновенные","US8425871071","17.08.2022"
"395","SONO","Sonos, Inc.","Акции иностранного эмитента обыкновенные","US83570H1086","24.08.2022"
"396","SPG","Simon Property Group, Inc.","Акции иностранного эмитента обыкновенные","US8288061091","17.08.2022"
"397","SPGI","S&P Global Inc.","Акции иностранного эмитента обыкновенные","US78409V1044","24.08.2022"
"398","SPLK","Splunk Inc.","Акции иностранного эмитента обыкновенные","US8486371045","17.08.2022"
"399","SPOT","Spotify Technology S.A.","Акции иностранного эмитента обыкновенные","LU1778762911","10.08.2022"
"400","SPR","Spirit AeroSystems Holdings, Inc.","Акции иностранного эмитента обыкновенные класса A","US8485741099","10.08.2022"
"401","SQ","Block, Inc.","Акции иностранного эмитента обыкновенные класса A","US8522341036","10.08.2022"
"402","SRE","Sempra Energy","Акции иностранного эмитента обыкновенные","US8168511090","24.08.2022"
"403","STAG","STAG Industrial, Inc.","Акции иностранного эмитента обыкновенные","US85254J1025","17.08.2022"
"404","STEM","Stem, Inc.","Акции иностранного эмитента обыкновенные","US85859N1028","24.08.2022"
"405","STLD","Steel Dynamics, Inc.","Акции иностранного эмитента обыкновенные","US8581191009","17.08.2022"
"406","STNE","StoneCo Ltd.","Акции иностранного эмитента обыкновенные класса A","KYG851581069","24.08.2022"
"407","STOR","STORE Capital Corporation","Акции иностранного эмитента обыкновенные","US8621211007","17.08.2022"
"408","STT","State Street Corporation","Акции иностранного эмитента обыкновенные","US8574771031","24.08.2022"
"409","SWK","Stanley Black & Decker, Inc.","Акции иностранного эмитента обыкновенные","US8545021011","10.08.2022"
"410","SWKS","Skyworks Solutions, Inc.","Акции иностранного эмитента обыкновенные","US83088M1027","17.08.2022"
"411","SYF","Synchrony Financial","Акции иностранного эмитента обыкновенные","US87165B1035","24.08.2022"
"412","SYY","Sysco Corporation","Акции иностранного эмитента обыкновенные","US8718291078","17.08.2022"
"413","T","AT&T INC.","Акции иностранного эмитента обыкновенные","US00206R1023","10.08.2022"
"414","TAK","The Bank of New York Mellon","Депозитарные расписки The Bank of New York Mellon, удостоверяющие права в отношении обыкновенных акций Takeda Pharmaceutical Company Limited","US8740602052","24.08.2022"
"415","TAP","Molson Coors Beverage Company","Акции иностранного эмитента обыкновенные класса B","US60871R2094","17.08.2022"
"416","TDOC","Teladoc Health, Inc.","Акции иностранного эмитента обыкновенные","US87918A1051","10.08.2022"
"417","TER","Teradyne, Inc.","Акции иностранного эмитента обыкновенные","US8807701029","24.08.2022"
"418","TFC","Truist Financial Corporation","Акции иностранного эмитента обыкновенные","US89832Q1094","17.08.2022"
"419","TGT","Target Corporation","Акции иностранного эмитента обыкновенные","US87612E1064","10.08.2022"
"420","THO","Thor Industries, Inc.","Акции иностранного эмитента обыкновенные","US8851601018","24.08.2022"
"421","TJX","The TJX Companies, Inc.","Акции иностранного эмитента обыкновенные","US8725401090","17.08.2022"
"422","TMO","Thermo Fisher Scientific Inc.","Акции иностранного эмитента обыкновенные","US8835561023","24.08.2022"
"423","TMUS","T-Mobile US, Inc.","Акции иностранного эмитента обыкновенные","US8725901040","17.08.2022"
"424","TNDM","Tandem Diabetes Care, Inc.","Акции иностранного эмитента обыкновенные","US8753722037","24.08.2022"
"425","TPR","Tapestry, Inc.","Акции иностранного эмитента обыкновенные","US8760301072","17.08.2022"
"426","TPX","Tempur Sealy International, Inc.","Акции иностранного эмитента обыкновенные","US88023U1016","24.08.2022"
"427","TRIP","TripAdvisor, Inc.","Акции иностранного эмитента обыкновенные","US8969452015","10.08.2022"
"428","TROW","T. Rowe Price Group, Inc.","Акции иностранного эмитента обыкновенные","US74144T1088","17.08.2022"
"429","TRV","The Travelers Companies, Inc.","Акции иностранного эмитента обыкновенные","US89417E1091","24.08.2022"
"430","TSLA","Tesla, Inc.","Акции иностранного эмитента обыкновенные","US88160R1014","10.08.2022"
"431","TSM","Citibank, N.A.","Депозитарные расписки Citibank, N.A., удостоверяющие права в отношении обыкновенных акций Taiwan Semiconductor Manufacturing Company Ltd.","US8740391003","10.08.2022"
"432","TSN","Tyson Foods, Inc.","Акции иностранного эмитента обыкновенные класса A","US9024941034","10.08.2022"
"433","TTD","The Trade Desk, Inc.","Акции иностранного эмитента обыкновенные класса A","US88339J1051","10.08.2022"
"434","TTE","JPMorgan Chase Bank, N.A.","Депозитарные расписки JPMorgan Chase Bank, N.A., удостоверяющие права в отношении обыкновенных акций TotalEnergies SE","US89151E1091","10.08.2022"
"435","TTWO","Take-Two Interactive Software, Inc.","Акции иностранного эмитента обыкновенные","US8740541094","17.08.2022"
"436","TWLO","Twilio Inc.","Акции иностранного эмитента обыкновенные класса A","US90138F1021","10.08.2022"
"437","TWOU","2U, Inc.","Акции иностранного эмитента обыкновенные","US90214J1016","10.08.2022"
"438","TWST","Twist Bioscience Corporation","Акции иностранного эмитента обыкновенные","US90184D1000","24.08.2022"
"439","TWTR","Twitter, Inc.","Акции иностранного эмитента обыкновенные","US90184L1026","10.08.2022"
"440","TXG","10x Genomics, Inc.","Акции иностранного эмитента обыкновенные класса A","US88025U1097","10.08.2022"
"441","TXN","Texas Instruments Incorporated","Акции иностранного эмитента обыкновенные","US8825081040","17.08.2022"
"442","UA","Under Armour, Inc.","Акции иностранного эмитента обыкновенные класса C","US9043112062","24.08.2022"
"443","UAA","Under Armour, Inc.","Акции иностранного эмитента обыкновенные класса A","US9043111072","10.08.2022"
"444","UAL","United Airlines Holdings, Inc.","Акции иностранного эмитента обыкновенные","US9100471096","10.08.2022"
"445","UBER","Uber Technologies, Inc.","Акции иностранного эмитента обыкновенные","US90353T1007","10.08.2022"
"446","UNH","UnitedHealth Group Incorporated","Акции иностранного эмитента обыкновенные","US91324P1021","10.08.2022"
"447","UNM","Unum Group","Акции иностранного эмитента обыкновенные","US91529Y1064","17.08.2022"
"448","UNP","Union Pacific Corporation","Акции иностранного эмитента обыкновенные","US9078181081","24.08.2022"
"449","UPS","United Parcel Service, Inc.","Акции иностранного эмитента обыкновенные класса B","US9113121068","17.08.2022"
"450","URBN","Urban Outfitters, Inc.","Акции иностранного эмитента обыкновенные","US9170471026","24.08.2022"
"451","USB","U.S. Bancorp","Акции иностранного эмитента обыкновенные","US9029733048","17.08.2022"
"452","V","Visa Inc.","Акции иностранного эмитента обыкновенные класса A","US92826C8394","10.08.2022"
"453","VALE","Citibank, N.A.","Депозитарные расписки Citibank, N.A., удостоверяющие права в отношении обыкновенных акций Vale S.A.","US91912E1055","10.08.2022"
"454","VEEV","Veeva Systems Inc.","Акции иностранного эмитента обыкновенные класса A","US9224751084","24.08.2022"
"455","VFC","V.F. Corporation","Акции иностранного эмитента обыкновенные","US9182041080","17.08.2022"
"456","VIPS","Deutsche Bank Trust Company Americas","Депозитарные расписки Deutsche Bank Trust Company Americas, удостоверяющие права в отношении обыкновенных акций класса A Vipshop Holdings Limited","US92763W1036","10.08.2022"
"457","VLO","Valero Energy Corporation","Акции иностранного эмитента обыкновенные","US91913Y1001","10.08.2022"
"458","VMW","Vmware, Inc.","Акции иностранного эмитента обыкновенные класса A","US9285634021","24.08.2022"
"459","VNO","Vornado Realty Trust","Акции иностранного эмитента обыкновенные","US9290421091","17.08.2022"
"460","VRT","Vertiv Holdings Co","Акции иностранного эмитента обыкновенные класса A","US92537N1081","24.08.2022"
"461","VRTX","Vertex Pharmaceuticals Incorporated","Акции иностранного эмитента обыкновенные","US92532F1003","10.08.2022"
"462","VSCO","Victoria’s Secret & Co.","Акции иностранного эмитента обыкновенные","US9264001028","17.08.2022"
"463","VST","Vistra Corp.","Акции иностранного эмитента обыкновенные","US92840M1027","24.08.2022"
"464","VTR","Ventas, Inc.","Акции иностранного эмитента обыкновенные","US92276F1003","17.08.2022"
"465","VTRS","Viatris Inc.","Акции иностранного эмитента обыкновенные","US92556V1061","24.08.2022"
"466","VZ","Verizon Communications Inc.","Акции иностранного эмитента обыкновенные","US92343V1044","10.08.2022"
"467","WB","JPMorgan Chase Bank, N.A.","Депозитарные расписки JPMorgan Chase Bank, N.A., удостоверяющие права в отношении обыкновенных акций класса A Weibo Corporation","US9485961018","10.08.2022"
"468","WBA","Walgreens Boots Alliance, Inc.","Акции иностранного эмитента обыкновенные","US9314271084","17.08.2022"
"469","WBD","Warner Bros. Discovery, Inc.","Акции иностранного эмитента обыкновенные серии A","US9344231041","10.08.2022"
"470","WDAY","Workday, Inc.","Акции иностранного эмитента обыкновенные класса A","US98138H1014","24.08.2022"
"471","WDC","Western Digital Corporation","Акции иностранного эмитента обыкновенные","US9581021055","10.08.2022"
"472","WELL","Welltower Inc.","Акции иностранного эмитента обыкновенные","US95040Q1040","17.08.2022"
"473","WFC","Wells Fargo & Company","Акции иностранного эмитента обыкновенные","US9497461015","10.08.2022"
"474","WIX","Wix.com Ltd.","Акции иностранного эмитента обыкновенные","IL0011301780","24.08.2022"
"475","WM","Waste Management, Inc.","Акции иностранного эмитента обыкновенные","US94106L1098","17.08.2022"
"476","WMB","The Williams Companies, Inc.","Акции иностранного эмитента обыкновенные","US9694571004","10.08.2022"
"477","WMT","Walmart Inc.","Акции иностранного эмитента обыкновенные","US9311421039","10.08.2022"
"478","WOLF","Wolfspeed, Inc.","Акции иностранного эмитента обыкновенные","US9778521024","24.08.2022"
"479","WRB","W. R. Berkley Corporation","Акции иностранного эмитента обыкновенные","US0844231029","17.08.2022"
"480","WRK","WestRock Company","Акции иностранного эмитента обыкновенные","US96145D1054","24.08.2022"
"481","WU","The Western Union Company","Акции иностранного эмитента обыкновенные","US9598021098","17.08.2022"
"482","WW","WW International, Inc.","Акции иностранного эмитента обыкновенные","US98262P1012","24.08.2022"
"483","WY","Weyerhaeuser Company","Акции иностранного эмитента обыкновенные","US9621661043","17.08.2022"
"484","WYNN","Wynn Resorts, Limited","Акции иностранного эмитента обыкновенные","US9831341071","10.08.2022"
"485","XEL","Xcel Energy Inc.","Акции иностранного эмитента обыкновенные","US98389B1008","24.08.2022"
"486","XM","Qualtrics International Inc.","Акции иностранного эмитента обыкновенные класса A","US7476012015","17.08.2022"
"487","XOM","Exxon Mobil Corporation","Акции иностранного эмитента обыкновенные","US30231G1022","10.08.2022"
"488","XP","XP Inc.","Акции иностранного эмитента обыкновенные класса A","KYG982391099","24.08.2022"
"489","XRAY","DENTSPLY SIRONA Inc.","Акции иностранного эмитента обыкновенные","US24906P1093","10.08.2022"
"490","XRX","Xerox Holdings Corporation","Акции иностранного эмитента обыкновенные","US98421M1062","10.08.2022"
"491","YUM","Yum! Brands, Inc.","Акции иностранного эмитента обыкновенные","US9884981013","17.08.2022"
"492","Z","Zillow Group, Inc.","Акции иностранного эмитента обыкновенные класса C","US98954M2008","10.08.2022"
"493","ZEN","Zendesk, Inc.","Акции иностранного эмитента обыкновенные","US98936J1016","24.08.2022"
"494","ZG","Zillow Group, Inc.","Акции иностранного эмитента обыкновенные класса A","US98954M1018","17.08.2022"
"495","ZIM","ZIM Integrated Shipping Services Ltd.","Акции иностранного эмитента обыкновенные","IL0065100930","10.08.2022"
"496","ZION","Zions Bancorporation, National Association","Акции иностранного эмитента обыкновенные","US9897011071","24.08.2022"
"497","ZM","Zoom Video Communications, Inc.","Акции иностранного эмитента обыкновенные класса A","US98980L1017","10.08.2022"
"498","ZS","Zscaler, Inc.","Акции иностранного эмитента обыкновенные","US98980G1022","10.08.2022"
"499","ZTS","Zoetis Inc.","Акции иностранного эмитента обыкновенные","US98978V1035","17.08.2022"
"500","ZUO","Zuora, Inc.","Акции иностранного эмитента обыкновенные класса A","US98983V1061","24.08.2022"